﻿kod,Renk,Örnek
39,Varsayılan ön plan rengi,"echo -e ""Varsayılan \e[39mVarsayılan"""
30,Siyah,"echo -e ""Varsayılan \e[30mSiyah"""
31,Kırmızı,"echo -e ""Varsayılan \e[31mKırmızı"""
32,Yeşil,"echo -e ""Varsayılan \e[32mYeşil"""
33,Sarı,"echo -e ""Varsayılan \e[33mSarı"""
34,Mavi,"echo -e ""Varsayılan \e[34mMavi"""
35,Eflatun,"echo -e ""Varsayılan \e[35mEflatun"""
36,Cam göbeği,"echo -e ""Varsayılan \e[36mCam göbeği"""
37,Açık gri,"echo -e ""Varsayılan \e[37mAçık gri"""
90,Koyu gri,"echo -e ""Varsayılan \e[90mKoyu gri"""
91,Açık kırmızı,"echo -e ""Varsayılan \e[91mAçık kırmızı"""
92,Açık yeşil,"echo -e ""Varsayılan \e[92mAçık yeşil"""
93,Açık sarı,"echo -e ""Varsayılan \e[93mAçık sarı"""
94,Açık mavi,"echo -e ""Varsayılan \e[94mAçık mavi"""
95,Açık eflatun,"echo -e ""Varsayılan \e[95mAçık eflatun"""
96,Açık cam göbeği,"echo -e ""Varsayılan \e[96mAçık mavi"""
97,Beyaz,"echo -e ""Varsayılan \e[97mBeyaz"""