﻿Karakter,İşlev
"\\""",Tırnak işaretinin çıktı olarak basılmasını sağlar.
\\\,Ters Slash işaretinin çıktı olarak basılmasını sağlar.
\a,Destekleniyorsa alarm(zil) çalınmasını sağlar.
\b,"Backspace, bir önceki karakteri silme işlevini uygular."
\c,Devamında(sağında) yer alan karakteri siler.
\f,Sütün konumunu koruduğu veriyi bir satır aşağı alır.
\n,"Satır sonunu atlayarak, satır başına geçişi sağlar."
\r,"Solundaki tüm verileri silerek, sağındaki verileri satır başına alır."
\t,Yatay tab boşluğu bırakır.
\v,Sütün konumunu koruduğu veriyi bir satır aşağı alır.