﻿Kod,Renk,Örnek
49,Varsayılan arka plan rengi,"echo -e ""Varsayılan \e[49mVarsayılan"""
40,Siyah,"echo -e ""Varsayılan \e[40mSiyah"""
41,Kırmızı,"echo -e ""Varsayılan \e[41mKırmızı"""
42,Yeşil,"echo -e ""Varsayılan \e[42mYeşil"""
43,Sarı,"echo -e ""Varsayılan \e[43mSarı"""
44,Mavi,"echo -e ""Varsayılan \e[44mMavi"""
45,Eflatun,"echo -e ""Varsayılan \e[45mEflatun"""
46,Cam göbeği,"echo -e ""Varsayılan \e[46mCam göbeği"""
47,Açık gri,"echo -e ""Varsayılan \e[47mAçık gri"""
100,Koyu gri,"echo -e ""Varsayılan \e[100mKoyu gri"""
101,Açık kırmızı,"echo -e ""Varsayılan \e[101mAçık kırmızı"""
102,Açık yeşil,"echo -e ""Varsayılan \e[102mAçık yeşil"""
103,Açık sarı,"echo -e ""Varsayılan \e[103mAçık sarı"""
104,Açık mavi,"echo -e ""Varsayılan \e[104mAçık mavi"""
105,Açık eflatun,"echo -e ""Varsayılan \e[105mAçık eflatun"""
106,Açık cam göbeği,"echo -e ""Varsayılan \e[106mAçık mavi"""
107,Beyaz,"echo -e ""Varsayılan \e[107mBeyaz"""