﻿KOD,İşlev,Örnek
0,Bütün özellikler sıfırlar,"echo -e ""\e[0mNormal Yazı"""
21,Kalınlık sıfırlanır,"echo -e ""Normal \e[1mKalın \e[21mNormal"""
22,Solukluk sıfırlanır,"echo -e ""Normal \e[2mSoluk \e[22mNormal"""
24,Altını çizme sıfırlanır,"echo -e ""Normal \e[4mAltı Çizili \e[24mNormal"""
25,Yanıp sönme sıfırlanır,"echo -e ""Normal \e[5mYanıp Sönme \e[25mNormal"""
27,Renkleri tersine çevirme sıfırlanır,"echo -e ""Normal \e[7mTers Renk \e[27mNormal"""
28,Gizleme sıfırlanır,"echo -e ""Normal \e[8mGizli İfade\e[28mNormal"""