﻿Argüman,Açıklama
\n,Yeni satıra atlar.
\b,Soldan bir karakter siler.
\e,Sağdan bir karakter siler.
\c,Sağında yer alan her şeyi siler.
\r,Sağında yer alan ifadeyi satır başına alır.
\t,Tab tuşu görevi görür.
\v,Dikey tab görevi görür.
\\\\,Ters eğik çizgi basmak üzere kullanılır.
\a,Çıktı ile birlikte konsoldan uyarı sesi çıkmasını sağlar.
$(komut),Komutların echo komutu üzerinden basılmasını sağlar.
'komut',Komutların echo komutu üzerinden basılmasını sağlar.