﻿Çıkış Kodu,Anlamı
0,İşlem sonucu başarılı
1,Genel hata kodu(genellikle mantıksal olumsuzlamanın sonucu karşılaşılır)
2,Hatalı seçenek ile kullanım ya da eksik argüman girişi
126,Çağırılan komut yürütülemiyor
127,$PATH üzerinde ekli olmayan bir komut girildiğinde ya da var olan bir komut yanlış yazıldığında alınan hata
128,Çıkmak için geçersiz argüman
128+n,"""n"" sinyalli işlemde önemli hata"
130,Betik Ctrl + C tuş kombinasyonu ile durdurulduğunda
255,Çıkış durum kodu 255 dışına çıktığında