﻿Operatör,İşlevi
"September 1, 2020 6:00 PM",Yazdırma işlevindedir. print ifadesinin kısaltmasıdır.
"December 1, 2020",Silme işlevindedir. delete ifadesinin kısaltmasıdır.
"September 6, 2020",Hedef odaklı veri değiştirme işlevindedir.
,Hedef satır odaklı değiştirme işlevindedir.
,Hedef satır üstüne veri ekleme işlevindedir.
"September 1, 2020 9:00 AM",Hedef satır altına veri ekleme işlevindedir.
"August 31, 2020",Hedef odaklı veri dönüştürme işlevindedir.
,Satır numaralarını bastırma işlevindedir.
,Dosyadan veri okuma işlevindedir.
,"Etkinin, global yani tüm içeriği kapsayacak şekilde olmasını sağlar ."
"September 2, 2020",Çıktıların istenen dosyaya yazılmasını sağlar. write ifadesinin kısaltmasıdır.