﻿Seçenek,İşlevi
"September 1, 2020 9:00 AM",Verileri dizi olarak tutar.
"December 1, 2020",Girilen karaktere göre veri girişini durdurmayı sağlar.
,"Veri girişi sırasında, kullanıcıya veri düzenleme imkanı sunar."
,"""e"" özelliği ile birlikte kullanılırsa giriş alanına metin bastırır ve bu metnin düzenlenmesi sağlanır."
"September 1, 2020 7:19 AM",Kullanıcının girebileceği maksimum sayıdaki karakter.
"September 1, 2020 7:19 AM",
"September 1, 2020 6:00 PM",Konsola çıktı basılmasını sağlar.
,Ters slash işaretinin çıktılarda gözükmesini sağlar.
"September 6, 2020",Veri girişini konsol üzerinde gizli tutar.
"September 1, 2020",Veri girişi için zaman sınırı koyar.
,